Title,Price,date
I'm Not Anti-Social I'm Selectively Cool Sarcastic Novelty Graphic Funny T Shirt,19.99,2023-04-12
I'm Not Anti-Social I'm Selectively Cool Sarcastic Novelty Graphic Funny T Shirt,19.99,2023-04-12
I'm Not Anti-Social I'm Selectively Cool Sarcastic Novelty Graphic Funny T Shirt,19.99,2023-04-12
I'm Not Anti-Social I'm Selectively Cool Sarcastic Novelty Graphic Funny T Shirt,19.99,2023-04-12
I'm Not Anti-Social I'm Selectively Cool Sarcastic Novelty Graphic Funny T Shirt,19.99,2023-04-12
I'm Not Anti-Social I'm Selectively Cool Sarcastic Novelty Graphic Funny T Shirt,19.99,2023-04-12
I'm Not Anti-Social I'm Selectively Cool Sarcastic Novelty Graphic Funny T Shirt,19.99,2023-04-12
I'm Not Anti-Social I'm Selectively Cool Sarcastic Novelty Graphic Funny T Shirt,19.99,2023-04-12
I'm Not Anti-Social I'm Selectively Cool Sarcastic Novelty Graphic Funny T Shirt,19.99,2023-04-12
I'm Not Anti-Social I'm Selectively Cool Sarcastic Novelty Graphic Funny T Shirt,19.99,2023-04-12
I'm Not Anti-Social I'm Selectively Cool Sarcastic Novelty Graphic Funny T Shirt,19.99,2023-04-12
I'm Not Anti-Social I'm Selectively Cool Sarcastic Novelty Graphic Funny T Shirt,19.99,2023-04-12
I'm Not Anti-Social I'm Selectively Cool Sarcastic Novelty Graphic Funny T Shirt,19.99,2023-04-12
I'm Not Anti-Social I'm Selectively Cool Sarcastic Novelty Graphic Funny T Shirt,19.99,2023-04-12
I'm Not Anti-Social I'm Selectively Cool Sarcastic Novelty Graphic Funny T Shirt,19.99,2023-04-12
I'm Not Anti-Social I'm Selectively Cool Sarcastic Novelty Graphic Funny T Shirt,19.99,2023-04-12
